,wikidata,type,osmid
0,Q107206033,,
1,Q107206129,,
2,Q107315418,,
3,Q107326096,,
4,Q107327233,,
6,Q107361377,,
7,Q107364893,,
8,Q107392918,,
9,Q107392924,,
10,Q107392938,,
11,Q107392944,,
12,Q107392945,,
13,Q107392946,,
14,Q107392948,,
15,Q107393005,,
16,Q107393056,,
17,Q107393059,,
18,Q107393062,,
19,Q107393064,,
20,Q107393067,,
21,Q107393071,,
22,Q107393074,,
23,Q107393075,,
24,Q107393077,,
25,Q107393078,,
26,Q107393079,,
27,Q107393093,,
28,Q107410341,,
29,Q107417160,,
30,Q107417192,,
31,Q107417230,,
32,Q107420504,,
33,Q107420677,,
34,Q107475453,,
35,Q107486459,,
36,Q107491653,,
37,Q107505763,,
38,Q107505893,,
39,Q112800131,,
40,Q112800133,,
41,Q112800134,,
42,Q112800137,,
43,Q112800138,,
44,Q112800139,,
45,Q112800141,,
46,Q112800142,,
47,Q112800144,,
48,Q112800147,,
49,Q112800148,,
50,Q107337187,,
51,Q107443322,,
52,Q107465653,,
53,Q107505626,,
54,Q107368261,,
55,Q107376726,,
56,Q107377281,,
57,Q107723437,,
58,Q112672787,,
59,Q107492538,,
60,Q106830796,,
61,Q106830832,,
62,Q106822106,,
64,Q107378912,,
65,Q107426713,,
66,Q107492591,,
67,Q107369355,,
68,Q107533178,,
69,Q107389786,,
70,Q107533250,,
71,Q107378651,,
72,Q107337249,,
73,Q107325799,,
74,Q107400896,,
75,Q107438330,,
76,Q107379043,,
77,Q107377321,,
78,Q107378660,,
79,Q111976818,,
80,Q107378853,,
81,Q112874185,,
82,Q107378818,,
83,Q107429391,,
84,Q107378762,,
85,Q107378735,,
86,Q107378752,,
87,Q107378886,,
88,Q107474985,,
89,Q107466394,,
91,Q107723413,,
92,Q107379236,,
93,Q107532700,,
94,Q111906889,,
95,Q109734179,,
96,Q112800152,,
97,Q112669296,,
98,Q107205913,,
99,Q112800140,,
100,Q107378989,,
101,Q107378633,,
102,Q112800150,,
103,Q109753940,,
104,Q107306406,,
105,Q107059382,,
106,Q107338125,,
107,Q107486562,,
108,Q107361347,,
109,Q107466069,,
110,Q107314175,,
111,Q107337244,,
112,Q106826500,,
113,Q107378968,,
114,Q107378926,,
115,Q107378944,,
116,Q107337203,,
117,Q106841835,,
118,Q107379005,,
119,Q107315788,,
120,Q107452733,,
121,Q107465732,,
122,Q107466008,,
123,Q107539168,,
124,Q108951884,,
125,Q107548973,,
126,Q107549945,,
127,Q107378900,,
128,Q107560460,,
129,Q107568619,,
130,Q112800132,,
131,Q107587896,,
132,Q108104125,,
133,Q112800017,,
134,Q107695347,,
136,Q107481959,,
137,Q112800156,,
138,Q107407454,,
140,Q107473822,,
141,Q107463554,,
142,Q107451799,,
143,Q107212201,,
144,Q107466646,,
145,Q107492763,,
146,Q107417811,,
147,Q107710973,,
148,Q107405753,,
150,Q107272145,,
152,Q107430066,,
153,Q107376741,,
154,Q107452167,,
157,Q107460663,,
158,Q107390613,,
159,Q107390461,,
160,Q107585089,,
161,Q111944366,,
162,Q107452330,,
163,Q107405898,,
164,Q107411914,,
166,Q107404878,,
167,Q112799873,,
168,Q107248525,,
169,Q107426590,,
170,Q107465182,,
171,Q107460925,,
172,Q107472052,,
173,Q107208445,,
174,Q107405570,,
175,Q107208479,,
176,Q107212445,,
177,Q107213254,,
178,Q112799786,,
179,Q107407136,,
180,Q107447233,,
183,Q107675051,,
184,Q112791759,,
185,Q111588422,,
187,Q107214521,,
188,Q107209391,,
190,Q113468344,,
191,Q107407264,,
192,Q107407249,,
193,Q107426507,,
195,Q107250740,,
196,Q107407272,,
197,Q113341429,,
198,Q107376700,,
199,Q107370442,,
200,Q107370458,,
201,Q107407009,,
203,Q107391269,,
204,Q107728842,,
205,Q107727626,,
206,Q107438051,,
207,Q107407390,,
208,Q112194800,,
209,Q107369547,,
210,Q107410327,,
211,Q107248559,,
212,Q107400916,,
213,Q107462811,,
214,Q112245716,,
215,Q107449379,,
217,Q107228622,,
220,Q107710899,,
222,Q107449370,,
223,Q107406112,,
224,Q107212103,,
226,Q107405344,,
227,Q109961400,,
228,Q107462541,,
230,Q107400933,,
231,Q107738500,,
232,Q107442463,,
233,Q107417940,,
234,Q107413066,,
235,Q107417402,,
236,Q107417405,,
237,Q111326013,,
238,Q107463283,,
239,Q107370480,,
240,Q108192614,,
241,Q107459546,,
242,Q107208515,,
243,Q107440123,,
244,Q107465202,,
245,Q107419008,,
246,Q107390735,,
247,Q107370501,,
248,Q107391626,,
250,Q107651479,,
252,Q107208988,,
253,Q107433541,,
254,Q107392994,,
255,Q107207689,,
256,Q108032731,,
258,Q112247806,,
259,Q107526505,,
260,Q107407258,,
261,Q107646533,,
262,Q107389299,,
263,Q107272152,,
264,Q107430057,,
265,Q107433658,,
266,Q107695226,,
267,Q107209394,,
268,Q107208311,,
270,Q108160011,,
271,Q107208020,,
272,Q107426347,,
273,Q107437941,,
275,Q107652920,,
276,Q107463508,,
277,Q112800026,,
278,Q107451941,,
279,Q113481571,,
281,Q107426827,,
283,Q107657994,,
284,Q107413455,,
285,Q107272144,,
287,Q112242624,,
288,Q112242645,,
289,Q107205331,,
290,Q107449523,,
291,Q108493142,,
292,Q107446158,,
294,Q107259161,,
295,Q107442853,,
296,Q107461120,,
297,Q107441620,,
298,Q107460344,,
299,Q107526224,,
300,Q107370506,,
301,Q107462837,,
302,Q112672631,,
303,Q108139799,,
304,Q113172311,,
305,Q107391634,,
306,Q112674451,,
308,Q107430060,,
309,Q107405767,,
310,Q107417548,,
312,Q107482255,,
313,Q107475595,,
316,Q107482331,,
317,Q107656895,,
318,Q107656909,,
319,Q112247652,,
321,Q107209192,,
322,Q107674850,,
324,Q107583404,,
325,Q107562403,,
326,Q107388356,,
327,Q107212571,,
329,Q108281878,,
330,Q107437947,,
332,Q107212566,,
334,Q107444473,,
335,Q107430067,,
336,Q107430068,,
337,Q107504111,,
338,Q107430054,,
339,Q107417556,,
340,Q107527116,,
341,Q107652828,,
342,Q107441465,,
344,Q107370937,,
345,Q107400887,,
346,Q108382204,,
347,Q112632064,,
348,Q107208001,,
349,Q107475025,,
350,Q107468474,,
352,Q107212564,,
353,Q107207774,,
354,Q107426491,,
355,Q107526173,,
356,Q111326045,,
357,Q112227759,,
358,Q107543067,,
360,Q107441470,,
361,Q107449382,,
362,Q107211141,,
363,Q107435315,,
364,Q107405540,,
365,Q107583660,,
367,Q107418183,,
368,Q108281355,,
369,Q107462287,,
371,Q112799896,,
372,Q108873389,,
373,Q107694623,,
375,Q107370527,,
377,Q107738616,,
379,Q108028320,,
380,Q107652040,,
381,Q107389904,,
383,Q107446920,,
384,Q107407250,,
385,Q112799848,,
387,Q107438053,,
389,Q112247480,,
390,Q107208216,,
391,Q107447155,,
395,Q109641602,,
396,Q107390539,,
397,Q107466515,,
398,Q107468491,,
399,Q107405796,,
400,Q112800175,,
402,Q107377028,,
404,Q107400635,,
406,Q107272153,,
407,Q107466401,,
408,Q107208568,,
410,Q107417982,,
411,Q107516687,,
412,Q107410985,,
413,Q107483288,,
415,Q107459553,,
416,Q107584078,,
417,Q107695212,,
418,Q112194521,,
419,Q107465258,,
420,Q107212567,,
421,Q107417685,,
422,Q107483230,,
423,Q107432130,,
424,Q107417737,,
426,Q107392315,,
427,Q107410995,,
428,Q107211033,,
430,Q112669387,,
431,Q112241278,,
432,Q107431155,,
433,Q107462665,,
434,Q107219241,,
435,Q107208201,,
436,Q107407257,,
437,Q108101046,,
438,Q107391198,,
439,Q107407254,,
440,Q107484489,,
441,Q107472144,,
442,Q107430069,,
443,Q107208320,,
444,Q107452564,,
445,Q107481993,,
446,Q107442843,,
447,Q107479935,,
448,Q107463990,,
450,Q107248363,,
451,Q107438428,,
453,Q107466355,,
454,Q107212574,,
455,Q107390753,,
456,Q107975104,,
457,Q107975127,,
458,Q107438519,,
459,Q107738765,,
460,Q107438055,,
461,Q107412396,,
462,Q107463674,,
463,Q107463907,,
464,Q107392482,,
465,Q108172012,,
466,Q107434469,,
467,Q107475214,,
468,Q107694637,,
469,Q107212558,,
470,Q107410328,,
471,Q107207817,,
472,Q112245753,,
473,Q107211035,,
474,Q107526740,,
475,Q107446052,,
476,Q107405343,,
477,Q107710828,,
478,Q107975058,,
479,Q107392362,,
481,Q107438056,,
484,Q107404886,,
486,Q112253566,,
487,Q112243867,,
489,Q107370954,,
490,Q107413745,,
494,Q112242686,,
495,Q107464282,,
496,Q108067637,,
497,Q107392267,,
498,Q107462004,,
499,Q107407267,,
500,Q107426816,,
501,Q107585055,,
502,Q112199055,,
503,Q107228969,,
504,Q107584787,,
506,Q107417813,,
507,Q108198135,,
508,Q107460403,,
509,Q107413751,,
510,Q107212563,,
512,Q107740185,,
513,Q107212223,,
515,Q108284050,,
516,Q107466522,,
517,Q107975027,,
518,Q107390039,,
519,Q112194569,,
520,Q107447006,,
521,Q107208587,,
522,Q107723431,,
526,Q107228391,,
527,Q107521402,,
529,Q107430071,,
530,Q107585505,,
531,Q107481722,,
532,Q107417506,,
533,Q107438057,,
534,Q107694946,,
535,Q107208611,,
536,Q107463485,,
537,Q108172079,,
539,Q107208005,,
540,Q107539754,,
541,Q107390722,,
543,Q113021580,,
544,Q107391537,,
545,Q107404221,,
546,Q107377091,,
547,Q112799863,,
548,Q107658410,,
549,Q107391295,,
550,Q107208443,,
551,Q107974745,,
553,Q107404863,,
554,Q107418222,,
556,Q107482407,,
557,Q113354321,,
558,Q107405513,,
559,Q107407259,,
560,Q112664202,,
561,Q108204041,,
562,Q112799849,,
563,Q107389177,,
564,Q107417561,,
565,Q107490292,,
566,Q107272142,,
567,Q107212568,,
568,Q107402099,,
569,Q107975046,,
570,Q112674485,,
571,Q107702512,,
572,Q112800098,,
573,Q108044533,,
574,Q107579763,,
575,Q107579073,,
576,Q107211036,,
579,Q107405601,,
580,Q112799907,,
581,Q112799906,,
582,Q112800023,,
584,Q108178157,,
586,Q107447244,,
587,Q107211147,,
588,Q107412526,,
589,Q107738728,,
591,Q107462866,,
592,Q112799787,,
593,Q112800094,,
594,Q112799830,,
595,Q112800019,,
596,Q107512309,,
597,Q107369453,,
598,Q107452735,,
599,Q107417700,,
600,Q107536723,,
603,Q112800115,,
604,Q107434506,,
605,Q107483315,,
607,Q107463537,,
608,Q108094581,,
610,Q107412319,,
611,Q107438059,,
612,Q107434348,,
613,Q107694121,,
614,Q107462560,,
615,Q107426510,,
616,Q107392293,,
617,Q107431905,,
618,Q107652638,,
619,Q107585238,,
621,Q107410701,,
622,Q107453762,,
623,Q107407268,,
625,Q112800072,,
626,Q112201491,,
627,Q107208614,,
630,Q111944569,,
632,Q107370534,,
634,Q112800038,,
635,Q107370336,,
636,Q107209319,,
637,Q107515642,,
638,Q107404874,,
639,Q107370982,,
640,Q107426688,,
641,Q107426856,,
642,Q107740990,,
643,Q107740998,,
644,Q108155140,,
645,Q108395910,,
647,Q107404912,,
648,Q112800126,,
649,Q107441455,,
650,Q107430074,,
651,Q107391305,,
653,Q107418226,,
656,Q107213315,,
657,Q107208618,,
658,Q112192799,,
659,Q107391449,,
660,Q107723147,,
662,Q107418192,,
664,Q107417574,,
665,Q107205328,,
666,Q107695220,,
667,Q107391324,,
668,Q107437950,,
669,Q107468471,,
670,Q107407247,,
671,Q107407261,,
672,Q107390528,,
673,Q107212573,,
675,Q112194767,,
677,Q107378550,,
678,Q112800117,,
679,Q107211149,,
680,Q107447200,,
681,Q107417605,,
682,Q107462891,,
683,Q107475180,,
684,Q112800048,,
685,Q112800021,,
686,Q112799947,,
687,Q107438471,,
688,Q107676451,,
689,Q112151798,,
690,Q107377050,,
691,Q107463838,,
693,Q107208640,,
696,Q107463208,,
699,Q112799992,,
700,Q107208648,,
701,Q107207688,,
702,Q107439800,,
703,Q108382298,,
704,Q112799926,,
705,Q107438062,,
706,Q112162784,,
707,Q107482430,,
708,Q107395782,,
709,Q112242671,,
710,Q107738686,,
711,Q107738706,,
712,Q107407248,,
713,Q107452650,,
714,Q107418629,,
715,Q112799927,,
716,Q112799928,,
718,Q107466683,,
719,Q112800122,,
720,Q107711942,,
721,Q107208220,,
722,Q112799909,,
723,Q107652298,,
724,Q107208332,,
725,Q107466440,,
726,Q107468444,,
727,Q112799930,,
728,Q112800160,,
729,Q112800068,,
730,Q112799944,,
731,Q107405322,,
732,Q112799962,,
733,Q112799931,,
734,Q107419993,,
735,Q107405909,,
737,Q107407402,,
738,Q107404843,,
740,Q107589377,,
741,Q112799937,,
742,Q112799901,,
743,Q107438064,,
744,Q107488838,,
745,Q112799850,,
746,Q112800151,,
748,Q112800028,,
749,Q112799943,,
750,Q112800029,,
751,Q112800119,,
752,Q112800047,,
753,Q107390615,,
754,Q107462637,,
756,Q112799998,,
757,Q107579473,,
758,Q112799904,,
759,Q107585222,,
760,Q108257729,,
761,Q112799945,,
762,Q112799851,,
763,Q107377534,,
764,Q112799961,,
765,Q112800128,,
766,Q107371006,,
767,Q107370544,,
768,Q112799946,,
769,Q112199118,,
770,Q108177560,,
771,Q107440230,,
772,Q107651767,,
773,Q107533304,,
774,Q112227810,,
775,Q107445086,,
776,Q107454140,,
777,Q107430061,,
779,Q107377647,,
780,Q107430075,,
781,Q107417679,,
782,Q108287950,,
783,Q112800024,,
784,Q107453684,,
785,Q107208002,,
786,Q112799997,,
787,Q112800074,,
788,Q107430055,,
790,Q108183720,,
791,Q107560437,,
792,Q107405810,,
794,Q107208333,,
795,Q107441635,,
798,Q107392321,,
799,Q108307465,,
800,Q107435265,,
801,Q107465115,,
802,Q107463418,,
803,Q107412846,,
804,Q107664377,,
805,Q112800070,,
806,Q108100967,,
807,Q112800165,,
808,Q107693814,,
810,Q107669982,,
811,Q112800092,,
812,Q112800066,,
814,Q112799865,,
815,Q107377715,,
816,Q107208909,,
817,Q108290062,,
819,Q107412861,,
820,Q107438065,,
821,Q107410892,,
822,Q107975069,,
823,Q107446621,,
824,Q112194731,,
825,Q107430077,,
827,Q112799929,,
828,Q107412581,,
829,Q107208242,,
830,Q107467126,,
831,Q107488903,,
832,Q107208221,,
833,Q107208335,,
834,Q107389882,,
835,Q107389892,,
838,Q107452357,,
841,Q107432784,,
842,Q107462897,,
843,Q107390625,,
844,Q107208898,,
845,Q107525880,,
846,Q108166956,,
847,Q107695191,,
849,Q107974697,,
850,Q112800064,,
851,Q112799854,,
852,Q112800158,,
853,Q107432410,,
854,Q107417671,,
855,Q107412198,,
856,Q112799942,,
857,Q108159294,,
858,Q107208337,,
859,Q107392280,,
860,Q107432965,,
861,Q112800062,,
862,Q112800060,,
863,Q112800163,,
864,Q112799877,,
865,Q112799995,,
866,Q112799990,,
867,Q107407263,,
868,Q107460658,,
869,Q112800045,,
870,Q112800046,,
871,Q112799856,,
872,Q112799898,,
874,Q107453826,,
875,Q107209364,,
876,Q107405323,,
877,Q107272149,,
879,Q112800127,,
882,Q109374419,,
883,Q107405324,,
884,Q107658448,,
885,Q107483262,,
887,Q107208003,,
890,Q107723249,,
891,Q112800106,,
892,Q107407403,,
893,Q107463327,,
894,Q107482392,,
896,Q107466501,,
897,Q107212024,,
898,Q107370550,,
900,Q107410334,,
901,Q112799920,,
903,Q107205329,,
904,Q107462321,,
905,Q107413767,,
906,Q107410335,,
908,Q107391272,,
909,Q107500928,,
911,Q112800014,,
912,Q112227780,,
913,Q112799993,,
914,Q107402199,,
918,Q107417618,,
919,Q107461656,,
920,Q108135521,,
921,Q112800032,,
922,Q107560161,,
923,Q107371016,,
924,Q107208670,,
926,Q107536005,,
927,Q107462579,,
930,Q108307578,,
931,Q107447252,,
932,Q107417636,,
933,Q109592007,,
935,Q107438066,,
936,Q107208723,,
937,Q107405325,,
938,Q107452891,,
939,Q112800143,,
940,Q112800146,,
941,Q107443221,,
944,Q108198015,,
946,Q112828289,,
947,Q112597757,,
948,Q107447238,,
949,Q107417897,,
950,Q107434513,,
951,Q107407405,,
953,Q112800167,,
954,Q107405733,,
957,Q107438068,,
958,Q107208766,,
959,Q112799954,,
960,Q107371028,,
961,Q112800051,,
962,Q112799940,,
963,Q107490299,,
964,Q112800155,,
965,Q112799866,,
967,Q107468479,,
968,Q107475587,,
969,Q111339816,,
970,Q107460538,,
971,Q107460584,,
972,Q108141325,,
973,Q107449584,,
974,Q107490350,,
975,Q107481792,,
978,Q107390119,,
979,Q107585152,,
980,Q107207690,,
981,Q107466419,,
982,Q107585011,,
984,Q107417649,,
985,Q107434346,,
986,Q112162753,,
987,Q107407252,,
988,Q107398127,,
989,Q107413761,,
990,Q107405327,,
991,Q107388367,,
992,Q112799832,,
993,Q107432793,,
994,Q112799833,,
995,Q112799869,,
996,Q112800057,,
998,Q107413482,,
999,Q107377697,,
1000,Q107390675,,
1001,Q113464118,,
1004,Q111944051,,
1005,Q107447097,,
1006,Q107466245,,
1007,Q108204010,,
1008,Q107205332,,
1009,Q107459559,,
1010,Q107459567,,
1011,Q107212575,,
1012,Q107412408,,
1013,Q112199105,,
1014,Q112747002,,
1015,Q112799862,,
1016,Q107711698,,
1017,Q112799964,,
1019,Q107208240,,
1021,Q107597506,,
1022,Q107407428,,
1024,Q107371035,,
1025,Q112524353,,
1026,Q107208219,,
1027,Q107452584,,
1028,Q112800040,,
1029,Q107407440,,
1030,Q113512532,,
1031,Q112800169,,
1032,Q107504063,,
1033,Q107583355,,
1034,Q107426519,,
1035,Q107405341,,
1036,Q107208712,,
1037,Q112570592,,
1039,Q107417695,,
1040,Q107407256,,
1041,Q107460488,,
1042,Q112252094,,
1043,Q107460586,,
1044,Q107542746,,
1045,Q112405725,,
1046,Q107212562,,
1047,Q112800107,,
1048,Q112800102,,
1049,Q112799982,,
1050,Q107392220,,
1051,Q107525869,,
1053,Q107370614,,
1054,Q112799965,,
1055,Q107418612,,
1056,Q107208343,,
1058,Q107484110,,
1060,Q107501176,,
1061,Q107504091,,
1062,Q107208004,,
1063,Q107405836,,
1064,Q112799881,,
1066,Q107212570,,
1067,Q112800110,,
1068,Q112800111,,
1069,Q112800113,,
1071,Q107468487,,
1072,Q107390517,,
1074,Q107405811,,
1075,Q107975085,,
1076,Q112800049,,
1077,Q112799858,,
1078,Q113531328,,
1079,Q112800172,,
1080,Q107658160,,
1081,Q107208346,,
1083,Q112800052,,
1084,Q112799834,,
1085,Q112799916,,
1086,Q112799938,,
1089,Q112800084,,
1090,Q107465174,,
1091,Q107214522,,
1093,Q107205333,,
1094,Q107452197,,
1095,Q112799871,,
1096,Q107417651,,
1097,Q112799835,,
1100,Q107391247,,
1101,Q107211027,,
1102,Q107211031,,
1103,Q112799836,,
1104,Q107597924,,
1106,Q112800054,,
1107,Q108101051,,
1108,Q107525850,,
1110,Q107449433,,
1111,Q107443302,,
1113,Q112246391,,
1114,Q107490281,,
1115,Q112799900,,
1116,Q112799837,,
1117,Q107407253,,
1118,Q107407255,,
1119,Q112799879,,
1120,Q112800053,,
1121,Q112799838,,
1122,Q112799958,,
1123,Q107460509,,
1124,Q107212572,,
1126,Q108135702,,
1127,Q107405923,,
1128,Q107460318,,
1129,Q112799870,,
1130,Q112799864,,
1131,Q107658190,,
1132,Q107212560,,
1133,Q107430079,,
1134,Q107390664,,
1136,Q108084694,,
1137,Q107407262,,
1138,Q112799867,,
1139,Q107417789,,
1141,Q107584003,,
1142,Q107392238,,
1143,Q107405050,,
1144,Q107208444,,
1145,Q107585234,,
1146,Q107426840,,
1147,Q107390609,,
1148,Q107417414,,
1149,Q107207776,,
1150,Q112799924,,
1152,Q107417653,,
1153,Q107520941,,
1154,Q112799839,,
1155,Q108171581,,
1156,Q107370664,,
1158,Q112800129,,
1160,Q107211026,,
1161,Q107410711,,
1163,Q107579161,,
1167,Q112800089,,
1169,Q112800033,,
1170,Q112800043,,
1171,Q108178134,,
1172,Q112799957,,
1173,Q108101056,,
1174,Q107695376,,
1175,Q107410337,,
1176,Q112126532,,
1177,Q112800170,,
1180,Q107454185,,
1181,Q107208245,,
1183,Q107651697,,
1184,Q107212565,,
1186,Q107475065,,
1187,Q107208007,,
1189,Q107447248,,
1190,Q107437987,,
1192,Q107370682,,
1193,Q107410825,,
1195,Q112799872,,
1196,Q107208006,,
1197,Q107630290,,
1198,Q107462910,,
1200,Q107724971,,
1201,Q112799955,,
1202,Q112136759,,
1203,Q107441509,,
1207,Q107426836,,
1208,Q107430082,,
1209,Q107526216,,
1212,Q107715375,,
1215,Q112598556,,
1217,Q107407406,,
1218,Q107370686,,
1219,Q112800153,,
1221,Q107468463,,
1222,Q107460281,,
1225,Q112201372,,
1227,Q107391253,,
1228,Q107410694,,
1229,Q112799842,,
1230,Q112799911,,
1231,Q107975095,,
1232,Q112800039,,
1233,Q107438073,,
1234,Q107463515,,
1235,Q107410877,,
1236,Q107430062,,
1237,Q107579522,,
1239,Q107562850,,
1240,Q107584822,,
1241,Q107208248,,
1242,Q107443175,,
1245,Q107652266,,
1246,Q107444578,,
1248,Q107211152,,
1249,Q107209136,,
1250,Q107410338,,
1251,Q107208243,,
1252,Q108287983,,
1253,Q112194790,,
1254,Q107391303,,
1256,Q112799987,,
1257,Q107695361,,
1259,Q107597595,,
1261,Q107211032,,
1262,Q112243836,,
1263,Q107371045,,
1264,Q107391519,,
1266,Q107453689,,
1268,Q107434095,,
1269,Q107674718,,
1270,Q107434291,,
1271,Q107417658,,
1272,Q107417660,,
1273,Q107695356,,
1274,Q107695333,,
1275,Q107463974,,
1276,Q107410340,,
1277,Q107410339,,
1278,Q107740206,,
1279,Q108135417,,
1280,Q107533269,,
1282,Q107432801,,
1284,Q107652755,,
1285,Q107526196,,
1286,Q107463716,,
1287,Q107371061,,
1288,Q107272151,,
1289,Q107441529,,
1290,Q107694699,,
1291,Q107517326,,
1292,Q107434269,,
1293,Q107460784,,
1295,Q107208203,,
1296,Q107208202,,
1297,Q107208351,,
1298,Q107377017,,
1299,Q112252667,,
1301,Q107208442,,
1305,Q107723764,,
1308,Q107412557,,
1309,Q107426591,,
1312,Q112799859,,
1313,Q112241801,,
1315,Q107370718,,
1316,Q107438074,,
1317,Q112800130,,
1318,Q107392326,,
1321,Q107208356,,
1322,Q107597562,,
1323,Q107405342,,
1327,Q107405979,,
1328,Q107597521,,
1329,Q107466881,,
1330,Q107652801,,
1331,Q107405890,,
1332,Q107407139,,
1333,Q107443443,,
1334,Q107462923,,
1336,Q107413480,,
1337,Q107451748,,
1338,Q107370802,,
1340,Q107451780,,
1341,Q107418513,,
1343,Q107486478,,
1344,Q107410706,,
1346,Q107491345,,
1347,Q107462928,,
1348,Q108192951,,
1349,Q107405553,,
1350,Q107475136,,
1351,Q107473861,,
1353,Q107390601,,
1354,Q107426517,,
1355,Q108209053,,
1359,Q108178602,,
1360,Q107430084,,
1361,Q107272143,,
1362,Q107652816,,
1363,Q107426196,,
1364,Q112152015,,
1365,Q107417815,,
1366,Q107454193,,
1367,Q107419965,,
1368,Q107407260,,
1369,Q107451929,,
1370,Q107392253,,
1371,Q108159615,,
1373,Q107652709,,
1374,Q108281263,,
1376,Q107371066,,
1378,Q107434515,,
1379,Q107466813,,
1381,Q107658477,,
1382,Q107411193,,
1384,Q107370808,,
1385,Q107464019,,
1387,Q107500905,,
1390,Q107504132,,
1391,Q108177655,,
1392,Q107657607,,
1393,Q107405336,,
1395,Q111949262,,
1396,Q107448035,,
1397,Q107443329,,
1398,Q107443488,,
1399,Q107389360,,
1401,Q107525834,,
1403,Q107579024,,
1404,Q107402230,,
1406,Q107431850,,
1407,Q112800041,,
1408,Q107208359,,
1409,Q107208360,,
1411,Q107402296,,
1412,Q107405333,,
1413,Q107460426,,
1414,Q108287903,,
1416,Q108159073,,
1417,Q107207818,,
1418,Q107402176,,
1419,Q107370838,,
1420,Q112189793,,
1421,Q107487275,,
1423,Q107207687,,
1424,Q107452304,,
1425,Q107710875,,
1426,Q107391275,,
1427,Q112800123,,
1428,Q112799844,,
1429,Q108140288,,
1430,Q107452862,,
1432,Q107208218,,
1433,Q107212557,,
1435,Q112243820,,
1436,Q107391273,,
1438,Q107229015,,
1439,Q107694655,,
1440,Q107390704,,
1441,Q107417820,,
1442,Q107410343,,
1443,Q107438076,,
1445,Q107704090,,
1446,Q112799956,,
1447,Q112799860,,
1448,Q112799845,,
1449,Q107400598,,
1450,Q108180708,,
1451,Q108057829,,
1452,Q107481211,,
1453,Q107810233,,
1454,Q107407271,,
1455,Q112800036,,
1456,Q108094530,,
1457,Q112800149,,
1458,Q107377580,,
1459,Q107208362,,
1460,Q107451703,,
1461,Q107431824,,
1462,Q107463520,,
1463,Q112799868,,
1464,Q107417664,,
1465,Q107459572,,
1467,Q107440368,,
1469,Q107664460,,
1470,Q107405842,,
1471,Q107468236,,
1472,Q107526551,,
1473,Q107526530,,
1474,Q107526544,,
1475,Q109691809,,
1477,Q107211029,,
1478,Q113550278,,
1479,Q107434436,,
1480,Q107657787,,
1481,Q107462932,,
1482,Q107562410,,
1484,Q107426592,,
1485,Q107390506,,
1486,Q107389339,,
1487,Q112415410,,
1488,Q108195585,,
1489,Q107434517,,
1490,Q107426348,,
1491,Q107406967,,
1492,Q107444398,,
1493,Q108198166,,
1494,Q113464079,,
1497,Q107451758,,
1498,Q107463981,,
1500,Q107208222,,
1501,Q112800042,,
1503,Q107205325,,
1504,Q107694995,,
1505,Q107370867,,
1506,Q107437943,,
1509,Q107452011,,
1511,Q107435289,,
1512,Q107411519,,
1513,Q107460385,,
1514,Q107417854,,
1515,Q112799846,,
1516,Q112800091,,
1518,Q107432972,,
1519,Q112799984,,
1520,Q112799921,,
1521,Q107392166,,
1523,Q112194665,,
1524,Q107214517,,
1525,Q112405055,,
1526,Q107228552,,
1530,Q107209401,,
1532,Q111942443,,
1533,Q111942793,,
1534,Q111942678,,
1535,Q111942740,,
1536,Q112799882,,
1537,Q107460466,,
1538,Q108177641,,
1539,Q107438077,,
1541,Q107652783,,
1542,Q107405334,,
1543,Q107212053,,
1544,Q107463269,,
1545,Q107975148,,
1546,Q107974967,,
1547,Q107419989,,
1548,Q107419618,,
1550,Q107646959,,
1551,Q107694664,,
1552,Q107452763,,
1556,Q107212556,,
1557,Q108135188,,
1558,Q107413469,,
1561,Q107526725,,
1562,Q107208214,,
1563,Q108179547,,
1564,Q107402216,,
1565,Q107434317,,
1568,Q107407408,,
1569,Q107389366,,
1570,Q111945419,,
1571,Q107430086,,
1574,Q107248290,,
1577,Q108151340,,
1578,Q107426636,,
1579,Q107526189,,
1580,Q107410346,,
1581,Q107486826,,
1582,Q107467069,,
1583,Q107465188,,
1584,Q107395699,,
1585,Q107208199,,
1586,Q107410347,,
1591,Q107392203,,
1592,Q107658395,,
1593,Q112182003,,
1595,Q112799847,,
1596,Q107418579,,
1597,Q107597877,,
1598,Q107405320,,
1599,Q107463984,,
1600,Q108171912,,
1601,Q107391606,,
1603,Q107583303,,
1604,Q107697192,,
1605,Q107443120,,
1607,Q107405863,,
1608,Q107391306,,
1609,Q108183619,,
1611,Q107418175,,
1612,Q107417667,,
1613,Q107463987,,
1614,Q108257781,,
1615,Q107723880,,
1617,Q107208368,,
1618,Q107483298,,
1619,Q107462937,,
1620,Q107376687,,
1621,Q108539903,,
1623,Q112799875,,
1624,Q107212561,,
1626,Q107430087,,
1627,Q112800085,,
1628,Q112800088,,
1630,Q107392377,,
1631,Q112800078,,
1632,Q113481847,,
1633,Q107376883,,
1634,Q107376809,,
1635,Q107376849,,
1636,Q113130507,,
1637,Q113130565,,
1638,Q111339904,,
1639,Q107376768,,
1640,Q107376858,,
1641,Q107401210,,
1643,Q108273479,,
1644,Q107392310,,
1645,Q111949536,,
1648,Q107407251,,
1649,Q107209216,,
1651,Q113504525,,
1653,Q107400930,,
1654,Q107430064,,
1655,Q107426343,,
1656,Q107442825,,
1657,Q107392410,,
1660,Q107208370,,
1661,Q107465212,,
1662,Q107590704,,
1664,Q107459576,,
1665,Q107493181,,
1666,Q107248498,,
1668,Q108028296,,
1669,Q107250866,,
1670,Q107371077,,
1671,Q107695729,,
1672,Q107405340,,
1675,Q107410962,,
1676,Q107460621,,
1677,Q107463276,,
1679,Q112243800,,
1680,Q112800145,,
1681,Q107463295,,
1682,Q107524712,,
1683,Q107465194,,
1684,Q107434082,,
1685,Q107482104,,
1686,Q107390406,,
1687,Q107579260,,
1688,Q107521436,,
1689,Q107404916,,
1690,Q107389716,,
1692,Q107407266,,
1693,Q111983614,,
1694,Q107521613,,
1695,Q107447254,,
1696,Q107513299,,
1697,Q107419957,,
1698,Q107208904,,
1699,Q107463736,,
1700,Q107208373,,
1701,Q107390457,,
1702,Q108307666,,
1703,Q108177757,,
1704,Q107405339,,
1705,Q107205327,,
1706,Q108196280,,
1707,Q107481824,,
1708,Q107444636,,
1709,Q107465165,,
1710,Q107390444,,
1711,Q107694669,,
1712,Q107454238,,
1713,Q107516075,,
1714,Q107694676,,
1716,Q113464094,,
